<?xml version="1.0" encoding="UTF-8"?>
<manifest identifier="JMdsPw2D" version="1.0" xmlns="http://www.imsglobal.org/xsd/imscp_v1p1" xmlns:adlcp="http://www.adlnet.org/xsd/adlcp_v1p3" xmlns:adlseq="http://www.adlnet.org/xsd/adlseq_v1p3" xmlns:adlnav="http://www.adlnet.org/xsd/adlnav_v1p3" xmlns:imsss="http://www.imsglobal.org/xsd/imsss" xmlns:xsi="http://www.w3.org/2001/XMLSchema-instance" xsi:schemaLocation="http://www.imsglobal.org/xsd/imscp_v1p1 imscp_v1p1.xsd http://www.adlnet.org/xsd/adlcp_v1p3 adlcp_v1p3.xsd http://www.adlnet.org/xsd/adlseq_v1p3 adlseq_v1p3.xsd http://www.adlnet.org/xsd/adlnav_v1p3 adlnav_v1p3.xsd http://www.imsglobal.org/xsd/imsss imsss_v1p0.xsd">
  <metadata>
    <schema>ADL SCORM</schema>
    <schemaversion>2004 3rd Edition</schemaversion>
  </metadata>
  <organizations default="prac">
    <organization identifier="prac" structure="hierarchical">
      <title>Vocabulary Practice</title>
      <item identifier="prac-HTML5_practice_html" identifierref="HTML5_practice_html" isvisible="true">
        <title>Vocabulary Practice</title>
      </item>
    </organization>
  </organizations>
  <resources>
    <resource identifier="HTML5_player_APIWrapper_js" type="webcontent" adlcp:scormType="asset" href="HTML5/player/APIWrapper.js">
      <file href="HTML5/player/APIWrapper.js"/>
    </resource>
    <resource identifier="HTML5_resources_res_10000_mp3" type="webcontent" adlcp:scormType="asset" href="HTML5/resources/res_10000.mp3">
      <file href="HTML5/resources/res_10000.mp3"/>
    </resource>
    <resource identifier="HTML5_resources_res_10000_ogg" type="webcontent" adlcp:scormType="asset" href="HTML5/resources/res_10000.ogg">
      <file href="HTML5/resources/res_10000.ogg"/>
    </resource>
    <resource identifier="HTML5_resources_thumb_19_jpg" type="webcontent" adlcp:scormType="asset" href="HTML5/resources/thumb_19.jpg">
      <file href="HTML5/resources/thumb_19.jpg"/>
    </resource>
    <resource identifier="HTML5_resources_res_10001_mp3" type="webcontent" adlcp:scormType="asset" href="HTML5/resources/res_10001.mp3">
      <file href="HTML5/resources/res_10001.mp3"/>
    </resource>
    <resource identifier="HTML5_resources_res_10001_ogg" type="webcontent" adlcp:scormType="asset" href="HTML5/resources/res_10001.ogg">
      <file href="HTML5/resources/res_10001.ogg"/>
    </resource>
    <resource identifier="HTML5_resources_thumb_21_jpg" type="webcontent" adlcp:scormType="asset" href="HTML5/resources/thumb_21.jpg">
      <file href="HTML5/resources/thumb_21.jpg"/>
    </resource>
    <resource identifier="HTML5_resources_thumb_23_jpg" type="webcontent" adlcp:scormType="asset" href="HTML5/resources/thumb_23.jpg">
      <file href="HTML5/resources/thumb_23.jpg"/>
    </resource>
    <resource identifier="HTML5_resources_thumb_26_jpg" type="webcontent" adlcp:scormType="asset" href="HTML5/resources/thumb_26.jpg">
      <file href="HTML5/resources/thumb_26.jpg"/>
    </resource>
    <resource identifier="HTML5_resources_thumb_27_jpg" type="webcontent" adlcp:scormType="asset" href="HTML5/resources/thumb_27.jpg">
      <file href="HTML5/resources/thumb_27.jpg"/>
    </resource>
    <resource identifier="HTML5_resources_thumb_28_jpg" type="webcontent" adlcp:scormType="asset" href="HTML5/resources/thumb_28.jpg">
      <file href="HTML5/resources/thumb_28.jpg"/>
    </resource>
    <resource identifier="HTML5_resources_res_10003_mp3" type="webcontent" adlcp:scormType="asset" href="HTML5/resources/res_10003.mp3">
      <file href="HTML5/resources/res_10003.mp3"/>
    </resource>
    <resource identifier="HTML5_resources_res_10003_ogg" type="webcontent" adlcp:scormType="asset" href="HTML5/resources/res_10003.ogg">
      <file href="HTML5/resources/res_10003.ogg"/>
    </resource>
    <resource identifier="HTML5_resources_thumb_29_jpg" type="webcontent" adlcp:scormType="asset" href="HTML5/resources/thumb_29.jpg">
      <file href="HTML5/resources/thumb_29.jpg"/>
    </resource>
    <resource identifier="HTML5_resources_thumb_31_jpg" type="webcontent" adlcp:scormType="asset" href="HTML5/resources/thumb_31.jpg">
      <file href="HTML5/resources/thumb_31.jpg"/>
    </resource>
    <resource identifier="HTML5_resources_thumb_32_jpg" type="webcontent" adlcp:scormType="asset" href="HTML5/resources/thumb_32.jpg">
      <file href="HTML5/resources/thumb_32.jpg"/>
    </resource>
    <resource identifier="HTML5_resources_thumb_33_jpg" type="webcontent" adlcp:scormType="asset" href="HTML5/resources/thumb_33.jpg">
      <file href="HTML5/resources/thumb_33.jpg"/>
    </resource>
    <resource identifier="HTML5_resources_thumb_34_jpg" type="webcontent" adlcp:scormType="asset" href="HTML5/resources/thumb_34.jpg">
      <file href="HTML5/resources/thumb_34.jpg"/>
    </resource>
    <resource identifier="HTML5_resources_thumb_35_jpg" type="webcontent" adlcp:scormType="asset" href="HTML5/resources/thumb_35.jpg">
      <file href="HTML5/resources/thumb_35.jpg"/>
    </resource>
    <resource identifier="HTML5_resources_thumb_36_jpg" type="webcontent" adlcp:scormType="asset" href="HTML5/resources/thumb_36.jpg">
      <file href="HTML5/resources/thumb_36.jpg"/>
    </resource>
    <resource identifier="HTML5_resources_thumb_37_jpg" type="webcontent" adlcp:scormType="asset" href="HTML5/resources/thumb_37.jpg">
      <file href="HTML5/resources/thumb_37.jpg"/>
    </resource>
    <resource identifier="HTML5_resources_thumb_40_jpg" type="webcontent" adlcp:scormType="asset" href="HTML5/resources/thumb_40.jpg">
      <file href="HTML5/resources/thumb_40.jpg"/>
    </resource>
    <resource identifier="HTML5_resources_thumb_41_jpg" type="webcontent" adlcp:scormType="asset" href="HTML5/resources/thumb_41.jpg">
      <file href="HTML5/resources/thumb_41.jpg"/>
    </resource>
    <resource identifier="HTML5_resources_thumb_42_jpg" type="webcontent" adlcp:scormType="asset" href="HTML5/resources/thumb_42.jpg">
      <file href="HTML5/resources/thumb_42.jpg"/>
    </resource>
    <resource identifier="HTML5_resources_thumb_43_jpg" type="webcontent" adlcp:scormType="asset" href="HTML5/resources/thumb_43.jpg">
      <file href="HTML5/resources/thumb_43.jpg"/>
    </resource>
    <resource identifier="HTML5_resources_thumb_46_jpg" type="webcontent" adlcp:scormType="asset" href="HTML5/resources/thumb_46.jpg">
      <file href="HTML5/resources/thumb_46.jpg"/>
    </resource>
    <resource identifier="HTML5_resources_thumb_44_jpg" type="webcontent" adlcp:scormType="asset" href="HTML5/resources/thumb_44.jpg">
      <file href="HTML5/resources/thumb_44.jpg"/>
    </resource>
    <resource identifier="HTML5_resources_thumb_45_jpg" type="webcontent" adlcp:scormType="asset" href="HTML5/resources/thumb_45.jpg">
      <file href="HTML5/resources/thumb_45.jpg"/>
    </resource>
    <resource identifier="HTML5_resources_thumb_47_jpg" type="webcontent" adlcp:scormType="asset" href="HTML5/resources/thumb_47.jpg">
      <file href="HTML5/resources/thumb_47.jpg"/>
    </resource>
    <resource identifier="HTML5_resources_thumb_48_jpg" type="webcontent" adlcp:scormType="asset" href="HTML5/resources/thumb_48.jpg">
      <file href="HTML5/resources/thumb_48.jpg"/>
    </resource>
    <resource identifier="HTML5_resources_thumb_49_jpg" type="webcontent" adlcp:scormType="asset" href="HTML5/resources/thumb_49.jpg">
      <file href="HTML5/resources/thumb_49.jpg"/>
    </resource>
    <resource identifier="HTML5_resources_thumb_50_jpg" type="webcontent" adlcp:scormType="asset" href="HTML5/resources/thumb_50.jpg">
      <file href="HTML5/resources/thumb_50.jpg"/>
    </resource>
    <resource identifier="HTML5_resources_thumb_51_jpg" type="webcontent" adlcp:scormType="asset" href="HTML5/resources/thumb_51.jpg">
      <file href="HTML5/resources/thumb_51.jpg"/>
    </resource>
    <resource identifier="HTML5_resources_thumb_52_jpg" type="webcontent" adlcp:scormType="asset" href="HTML5/resources/thumb_52.jpg">
      <file href="HTML5/resources/thumb_52.jpg"/>
    </resource>
    <resource identifier="HTML5_resources_res_10011_png" type="webcontent" adlcp:scormType="asset" href="HTML5/resources/res_10011.png">
      <file href="HTML5/resources/res_10011.png"/>
    </resource>
    <resource identifier="HTML5_resources_res_10007_png" type="webcontent" adlcp:scormType="asset" href="HTML5/resources/res_10007.png">
      <file href="HTML5/resources/res_10007.png"/>
    </resource>
    <resource identifier="HTML5_resources_res_10009_png" type="webcontent" adlcp:scormType="asset" href="HTML5/resources/res_10009.png">
      <file href="HTML5/resources/res_10009.png"/>
    </resource>
    <resource identifier="HTML5_resources_res_10008_png" type="webcontent" adlcp:scormType="asset" href="HTML5/resources/res_10008.png">
      <file href="HTML5/resources/res_10008.png"/>
    </resource>
    <resource identifier="HTML5_resources_thumb_66_jpg" type="webcontent" adlcp:scormType="asset" href="HTML5/resources/thumb_66.jpg">
      <file href="HTML5/resources/thumb_66.jpg"/>
    </resource>
    <resource identifier="HTML5_resources_res_10010_png" type="webcontent" adlcp:scormType="asset" href="HTML5/resources/res_10010.png">
      <file href="HTML5/resources/res_10010.png"/>
    </resource>
    <resource identifier="HTML5_resources_res_10012_png" type="webcontent" adlcp:scormType="asset" href="HTML5/resources/res_10012.png">
      <file href="HTML5/resources/res_10012.png"/>
    </resource>
    <resource identifier="HTML5_resources_res_10014_png" type="webcontent" adlcp:scormType="asset" href="HTML5/resources/res_10014.png">
      <file href="HTML5/resources/res_10014.png"/>
    </resource>
    <resource identifier="HTML5_resources_res_10013_png" type="webcontent" adlcp:scormType="asset" href="HTML5/resources/res_10013.png">
      <file href="HTML5/resources/res_10013.png"/>
    </resource>
    <resource identifier="HTML5_resources_thumb_67_jpg" type="webcontent" adlcp:scormType="asset" href="HTML5/resources/thumb_67.jpg">
      <file href="HTML5/resources/thumb_67.jpg"/>
    </resource>
    <resource identifier="HTML5_resources_res_10015_png" type="webcontent" adlcp:scormType="asset" href="HTML5/resources/res_10015.png">
      <file href="HTML5/resources/res_10015.png"/>
    </resource>
    <resource identifier="HTML5_resources_res_10016_png" type="webcontent" adlcp:scormType="asset" href="HTML5/resources/res_10016.png">
      <file href="HTML5/resources/res_10016.png"/>
    </resource>
    <resource identifier="HTML5_resources_res_10018_png" type="webcontent" adlcp:scormType="asset" href="HTML5/resources/res_10018.png">
      <file href="HTML5/resources/res_10018.png"/>
    </resource>
    <resource identifier="HTML5_resources_res_10017_png" type="webcontent" adlcp:scormType="asset" href="HTML5/resources/res_10017.png">
      <file href="HTML5/resources/res_10017.png"/>
    </resource>
    <resource identifier="HTML5_resources_thumb_68_jpg" type="webcontent" adlcp:scormType="asset" href="HTML5/resources/thumb_68.jpg">
      <file href="HTML5/resources/thumb_68.jpg"/>
    </resource>
    <resource identifier="HTML5_resources_res_10019_png" type="webcontent" adlcp:scormType="asset" href="HTML5/resources/res_10019.png">
      <file href="HTML5/resources/res_10019.png"/>
    </resource>
    <resource identifier="HTML5_resources_res_10020_png" type="webcontent" adlcp:scormType="asset" href="HTML5/resources/res_10020.png">
      <file href="HTML5/resources/res_10020.png"/>
    </resource>
    <resource identifier="HTML5_resources_res_10022_png" type="webcontent" adlcp:scormType="asset" href="HTML5/resources/res_10022.png">
      <file href="HTML5/resources/res_10022.png"/>
    </resource>
    <resource identifier="HTML5_resources_res_10021_png" type="webcontent" adlcp:scormType="asset" href="HTML5/resources/res_10021.png">
      <file href="HTML5/resources/res_10021.png"/>
    </resource>
    <resource identifier="HTML5_resources_thumb_70_jpg" type="webcontent" adlcp:scormType="asset" href="HTML5/resources/thumb_70.jpg">
      <file href="HTML5/resources/thumb_70.jpg"/>
    </resource>
    <resource identifier="HTML5_resources_res_10024_png" type="webcontent" adlcp:scormType="asset" href="HTML5/resources/res_10024.png">
      <file href="HTML5/resources/res_10024.png"/>
    </resource>
    <resource identifier="HTML5_resources_res_10025_png" type="webcontent" adlcp:scormType="asset" href="HTML5/resources/res_10025.png">
      <file href="HTML5/resources/res_10025.png"/>
    </resource>
    <resource identifier="HTML5_resources_res_10027_png" type="webcontent" adlcp:scormType="asset" href="HTML5/resources/res_10027.png">
      <file href="HTML5/resources/res_10027.png"/>
    </resource>
    <resource identifier="HTML5_resources_res_10026_png" type="webcontent" adlcp:scormType="asset" href="HTML5/resources/res_10026.png">
      <file href="HTML5/resources/res_10026.png"/>
    </resource>
    <resource identifier="HTML5_resources_thumb_69_jpg" type="webcontent" adlcp:scormType="asset" href="HTML5/resources/thumb_69.jpg">
      <file href="HTML5/resources/thumb_69.jpg"/>
    </resource>
    <resource identifier="HTML5_resources_thumb_57_jpg" type="webcontent" adlcp:scormType="asset" href="HTML5/resources/thumb_57.jpg">
      <file href="HTML5/resources/thumb_57.jpg"/>
    </resource>
    <resource identifier="HTML5_resources_thumb_58_jpg" type="webcontent" adlcp:scormType="asset" href="HTML5/resources/thumb_58.jpg">
      <file href="HTML5/resources/thumb_58.jpg"/>
    </resource>
    <resource identifier="HTML5_resources_thumb_60_jpg" type="webcontent" adlcp:scormType="asset" href="HTML5/resources/thumb_60.jpg">
      <file href="HTML5/resources/thumb_60.jpg"/>
    </resource>
    <resource identifier="HTML5_resources_thumb_61_jpg" type="webcontent" adlcp:scormType="asset" href="HTML5/resources/thumb_61.jpg">
      <file href="HTML5/resources/thumb_61.jpg"/>
    </resource>
    <resource identifier="HTML5_resources_thumb_62_jpg" type="webcontent" adlcp:scormType="asset" href="HTML5/resources/thumb_62.jpg">
      <file href="HTML5/resources/thumb_62.jpg"/>
    </resource>
    <resource identifier="HTML5_resources_thumb_64_jpg" type="webcontent" adlcp:scormType="asset" href="HTML5/resources/thumb_64.jpg">
      <file href="HTML5/resources/thumb_64.jpg"/>
    </resource>
    <resource identifier="HTML5_resources_thumb_65_jpg" type="webcontent" adlcp:scormType="asset" href="HTML5/resources/thumb_65.jpg">
      <file href="HTML5/resources/thumb_65.jpg"/>
    </resource>
    <resource identifier="HTML5_practice_html" type="webcontent" adlcp:scormType="sco" href="HTML5/practice.html">
      <file href="HTML5/practice.html"/>
      <dependency identifierref="HTML5_player_APIWrapper_js"/>
      <dependency identifierref="HTML5_resources_res_10000_mp3"/>
      <dependency identifierref="HTML5_resources_res_10000_ogg"/>
      <dependency identifierref="HTML5_resources_thumb_19_jpg"/>
      <dependency identifierref="HTML5_resources_res_10001_mp3"/>
      <dependency identifierref="HTML5_resources_res_10001_ogg"/>
      <dependency identifierref="HTML5_resources_thumb_21_jpg"/>
      <dependency identifierref="HTML5_resources_thumb_23_jpg"/>
      <dependency identifierref="HTML5_resources_thumb_26_jpg"/>
      <dependency identifierref="HTML5_resources_thumb_27_jpg"/>
      <dependency identifierref="HTML5_resources_thumb_28_jpg"/>
      <dependency identifierref="HTML5_resources_res_10003_mp3"/>
      <dependency identifierref="HTML5_resources_res_10003_ogg"/>
      <dependency identifierref="HTML5_resources_thumb_29_jpg"/>
      <dependency identifierref="HTML5_resources_thumb_31_jpg"/>
      <dependency identifierref="HTML5_resources_thumb_32_jpg"/>
      <dependency identifierref="HTML5_resources_thumb_33_jpg"/>
      <dependency identifierref="HTML5_resources_thumb_34_jpg"/>
      <dependency identifierref="HTML5_resources_thumb_35_jpg"/>
      <dependency identifierref="HTML5_resources_thumb_36_jpg"/>
      <dependency identifierref="HTML5_resources_thumb_37_jpg"/>
      <dependency identifierref="HTML5_resources_thumb_40_jpg"/>
      <dependency identifierref="HTML5_resources_thumb_41_jpg"/>
      <dependency identifierref="HTML5_resources_thumb_42_jpg"/>
      <dependency identifierref="HTML5_resources_thumb_43_jpg"/>
      <dependency identifierref="HTML5_resources_thumb_46_jpg"/>
      <dependency identifierref="HTML5_resources_thumb_44_jpg"/>
      <dependency identifierref="HTML5_resources_thumb_45_jpg"/>
      <dependency identifierref="HTML5_resources_thumb_47_jpg"/>
      <dependency identifierref="HTML5_resources_thumb_48_jpg"/>
      <dependency identifierref="HTML5_resources_thumb_49_jpg"/>
      <dependency identifierref="HTML5_resources_thumb_50_jpg"/>
      <dependency identifierref="HTML5_resources_thumb_51_jpg"/>
      <dependency identifierref="HTML5_resources_thumb_52_jpg"/>
      <dependency identifierref="HTML5_resources_res_10011_png"/>
      <dependency identifierref="HTML5_resources_res_10007_png"/>
      <dependency identifierref="HTML5_resources_res_10009_png"/>
      <dependency identifierref="HTML5_resources_res_10008_png"/>
      <dependency identifierref="HTML5_resources_thumb_66_jpg"/>
      <dependency identifierref="HTML5_resources_res_10010_png"/>
      <dependency identifierref="HTML5_resources_res_10012_png"/>
      <dependency identifierref="HTML5_resources_res_10014_png"/>
      <dependency identifierref="HTML5_resources_res_10013_png"/>
      <dependency identifierref="HTML5_resources_thumb_67_jpg"/>
      <dependency identifierref="HTML5_resources_res_10015_png"/>
      <dependency identifierref="HTML5_resources_res_10016_png"/>
      <dependency identifierref="HTML5_resources_res_10018_png"/>
      <dependency identifierref="HTML5_resources_res_10017_png"/>
      <dependency identifierref="HTML5_resources_thumb_68_jpg"/>
      <dependency identifierref="HTML5_resources_res_10019_png"/>
      <dependency identifierref="HTML5_resources_res_10020_png"/>
      <dependency identifierref="HTML5_resources_res_10022_png"/>
      <dependency identifierref="HTML5_resources_res_10021_png"/>
      <dependency identifierref="HTML5_resources_thumb_70_jpg"/>
      <dependency identifierref="HTML5_resources_res_10024_png"/>
      <dependency identifierref="HTML5_resources_res_10025_png"/>
      <dependency identifierref="HTML5_resources_res_10027_png"/>
      <dependency identifierref="HTML5_resources_res_10026_png"/>
      <dependency identifierref="HTML5_resources_thumb_69_jpg"/>
      <dependency identifierref="HTML5_resources_thumb_57_jpg"/>
      <dependency identifierref="HTML5_resources_thumb_58_jpg"/>
      <dependency identifierref="HTML5_resources_thumb_60_jpg"/>
      <dependency identifierref="HTML5_resources_thumb_61_jpg"/>
      <dependency identifierref="HTML5_resources_thumb_62_jpg"/>
      <dependency identifierref="HTML5_resources_thumb_64_jpg"/>
      <dependency identifierref="HTML5_resources_thumb_65_jpg"/>
      <dependency identifierref="HTML5_rlprez_js"/>
      <dependency identifierref="HTML5_player_rlplayer_js"/>
      <dependency identifierref="HTML5_player_rlplayer_lang_en-US_js"/>
      <dependency identifierref="HTML5_player_rlplayer_css"/>
      <dependency identifierref="HTML5_rlprez_css"/>
      <dependency identifierref="HTML5_player_rlsco_functions_js"/>
    </resource>
    <resource identifier="HTML5_rlprez_js" type="webcontent" adlcp:scormType="asset" href="HTML5/rlprez.js">
      <file href="HTML5/rlprez.js"/>
    </resource>
    <resource identifier="HTML5_player_rlplayer_js" type="webcontent" adlcp:scormType="asset" href="HTML5/player/rlplayer.js">
      <file href="HTML5/player/rlplayer.js"/>
    </resource>
    <resource identifier="HTML5_player_rlplayer_lang_en-US_js" type="webcontent" adlcp:scormType="asset" href="HTML5/player/rlplayer.lang.en-US.js">
      <file href="HTML5/player/rlplayer.lang.en-US.js"/>
    </resource>
    <resource identifier="HTML5_player_rlplayer_css" type="webcontent" adlcp:scormType="asset" href="HTML5/player/rlplayer.css">
      <file href="HTML5/player/rlplayer.css"/>
    </resource>
    <resource identifier="HTML5_rlprez_css" type="webcontent" adlcp:scormType="asset" href="HTML5/rlprez.css">
      <file href="HTML5/rlprez.css"/>
    </resource>
    <resource identifier="HTML5_player_rlsco_functions_js" type="webcontent" adlcp:scormType="asset" href="HTML5/player/rlsco_functions.js">
      <file href="HTML5/player/rlsco_functions.js"/>
    </resource>
  </resources>
</manifest>
